Tag,AutoTag,Tick,T,S0,S1,S2,Ax,Ay,Az,Gx,Gy,Gz,Mx,My,Mz,HRM,S3,S4,S5,S6,S7,CS0,CS1,CS2,CS3,CS4,CS5,CS6,CS7,RSSI,Timestamp,Zero
,,937,0,325,160,182,0.001953,-0.006836,1.041504,1.400000,-3.780000,-0.183750,0.050370,-0.172864,-0.454206,,160,140,125,114,917,,,,,,,,,-51,15:03:33.927,
,,938,20,328,160,182,0.010742,-0.006836,1.043945,1.251250,-3.683750,-0.210000,0.051976,-0.172864,-0.450702,,158,139,125,116,916,,,,,,,,,-51,15:03:33.949,
,,939,40,326,160,183,0.009766,-0.009277,1.034668,1.391250,-3.710000,-0.192500,0.051246,-0.169652,-0.444862,,159,141,128,116,917,,,,,,,,,-51,15:03:33.951,
,,940,60,326,160,182,0.006348,-0.000977,1.030762,1.461250,-3.692500,-0.245000,0.048764,-0.173010,-0.443256,,159,142,127,114,917,,,,,,,,,-51,15:03:33.979,
,,941,80,325,158,182,0.005371,-0.004395,1.031250,1.391250,-3.788750,-0.192500,0.054750,-0.179580,-0.443402,,160,139,125,112,915,,,,,,,,,-51,15:03:34.009,
,,942,100,327,160,181,0.000000,-0.003906,1.039551,1.321250,-3.771250,-0.175000,0.054750,-0.179580,-0.443402,,159,141,125,114,916,,,,,,,,,-51,15:03:34.011,
,,943,120,328,159,181,0.000000,-0.006836,1.034180,1.356250,-3.683750,-0.183750,0.047158,-0.171696,-0.448366,,158,139,125,114,915,,,,,,,,,-51,15:03:34.042,
,,944,140,325,159,182,0.004395,-0.007324,1.036621,1.312500,-3.753750,-0.131250,0.045844,-0.174032,-0.442234,,159,140,127,115,917,,,,,,,,,-51,15:03:34.071,
,,945,160,328,160,182,0.003418,-0.014648,1.033691,1.198750,-3.797500,-0.148750,0.048180,-0.176222,-0.440920,,158,142,127,116,918,,,,,,,,,-51,15:03:34.072,
,,946,180,327,160,183,0.012695,-0.011719,1.033691,1.251250,-3.806250,-0.175000,0.050224,-0.177098,-0.445008,,157,141,127,112,917,,,,,,,,,-51,15:03:34.100,
,,947,200,326,161,181,0.016113,-0.008789,1.035156,1.321250,-3.745000,-0.227500,0.050078,-0.176952,-0.446176,,157,140,125,115,917,,,,,,,,,-51,15:03:34.130,
,,948,220,327,160,182,0.010254,0.000977,1.032715,1.225000,-3.745000,-0.183750,0.050078,-0.176952,-0.446176,,157,139,125,115,916,,,,,,,,,-51,15:03:34.159,
,,949,240,327,160,182,0.009277,-0.002930,1.036621,1.277500,-3.753750,-0.166250,0.049932,-0.172864,-0.439606,,157,141,128,116,916,,,,,,,,,-51,15:03:34.161,
,,950,260,325,159,179,0.003906,-0.007812,1.040527,1.303750,-3.797500,-0.140000,0.055042,-0.177974,-0.451286,,155,138,125,115,917,,,,,,,,,-51,15:03:34.190,
,,951,280,326,158,182,0.002930,-0.015137,1.032715,1.435000,-3.806250,-0.210000,0.050370,-0.176514,-0.442234,,158,139,127,114,916,,,,,,,,,-51,15:03:34.222,
,,952,300,325,159,182,0.004883,-0.007324,1.031738,1.268750,-3.753750,-0.166250,0.047888,-0.173302,-0.447782,,157,140,125,112,917,,,,,,,,,-51,15:03:34.252,
,,953,320,326,159,181,0.003418,-0.004883,1.037109,1.347500,-3.850000,-0.140000,0.052998,-0.171842,-0.435956,,158,140,124,115,915,,,,,,,,,-51,15:03:34.252,
,,954,340,325,158,181,0.003906,-0.004883,1.035156,1.338750,-3.771250,-0.148750,0.047304,-0.170674,-0.437562,,158,140,125,112,915,,,,,,,,,-51,15:03:34.282,
,,955,360,326,159,180,0.012207,-0.009277,1.032715,1.321250,-3.858750,-0.148750,0.048034,-0.172864,-0.445884,,159,140,125,115,915,,,,,,,,,-51,15:03:34.310,
,,956,380,328,160,181,0.009766,-0.005371,1.034668,1.295000,-3.745000,-0.131250,0.047450,-0.173302,-0.444862,,160,138,125,115,916,,,,,,,,,-51,15:03:34.311,
,,957,400,327,160,182,0.011230,-0.008301,1.032715,1.382500,-3.762500,-0.122500,0.048764,-0.174908,-0.443694,,158,140,126,116,915,,,,,,,,,-51,15:03:34.341,
,,958,420,325,160,182,0.006836,-0.010742,1.036621,1.321250,-3.710000,-0.140000,0.048764,-0.174908,-0.443694,,159,140,127,114,917,,,,,,,,,-51,15:03:34.371,
,,959,440,326,158,181,0.005859,-0.007324,1.035645,1.286250,-3.718750,-0.148750,0.044092,-0.171404,-0.451432,,159,140,126,115,917,,,,,,,,,-51,15:03:34.372,
,,960,460,328,159,181,0.005859,-0.004395,1.034180,1.295000,-3.762500,-0.218750,0.054166,-0.177244,-0.435372,,158,139,125,113,915,,,,,,,,,-51,15:03:34.400,
,,961,480,326,160,181,0.001953,-0.001953,1.038574,1.338750,-3.832500,-0.218750,0.046136,-0.174616,-0.446176,,158,140,124,116,917,,,,,,,,,-51,15:03:34.461,
,,962,500,327,159,183,0.007324,-0.000488,1.035645,1.400000,-3.736250,-0.253750,0.050224,-0.175200,-0.437416,,158,141,127,114,917,,,,,,,,,-51,15:03:34.462,
,,963,520,326,160,183,0.010742,-0.004883,1.032715,1.400000,-3.797500,-0.140000,0.050224,-0.175200,-0.437416,,159,141,126,114,918,,,,,,,,,-51,15:03:34.463,
,,964,540,325,158,183,0.006836,-0.004883,1.035156,1.303750,-3.780000,-0.105000,0.052560,-0.171842,-0.447490,,157,139,128,114,916,,,,,,,,,-51,15:03:34.492,
,,965,560,328,161,180,0.001953,-0.006348,1.035156,1.198750,-3.657500,-0.192500,0.051100,-0.172864,-0.453184,,158,142,125,113,916,,,,,,,,,-51,15:03:34.492,
,,966,580,327,160,181,0.000977,-0.007812,1.032715,1.408750,-3.780000,-0.166250,0.052414,-0.174616,-0.446322,,160,139,125,115,917,,,,,,,,,-51,15:03:34.522,
,,967,600,326,161,182,0.007324,-0.003906,1.031250,1.400000,-3.885000,-0.183750,0.047012,-0.176806,-0.440336,,159,141,126,115,917,,,,,,,,,-51,15:03:34.551,
,,968,620,326,160,183,0.004395,0.000000,1.039551,1.312500,-3.815000,-0.166250,0.047012,-0.176806,-0.440336,,158,141,126,115,916,,,,,,,,,-51,15:03:34.552,
,,969,640,325,159,182,0.003906,-0.004395,1.040039,1.312500,-3.797500,-0.148750,0.049056,-0.173740,-0.456834,,159,140,126,114,917,,,,,,,,,-51,15:03:34.579,
,,970,660,326,159,181,0.007324,-0.006836,1.034180,1.356250,-3.780000,-0.087500,0.051246,-0.173156,-0.456542,,157,141,124,114,917,,,,,,,,,-51,15:03:34.609,
,,971,680,326,161,180,0.006348,-0.008789,1.029297,1.347500,-3.797500,-0.131250,0.050954,-0.175200,-0.454206,,157,139,126,115,917,,,,,,,,,-51,15:03:34.611,
,,972,700,329,159,181,0.004395,-0.006836,1.036133,1.303750,-3.701250,-0.175000,0.052998,-0.178704,-0.453622,,160,142,128,115,916,,,,,,,,,-51,15:03:34.642,
,,973,720,325,161,182,0.004883,-0.006348,1.036621,1.286250,-3.692500,-0.210000,0.052998,-0.178704,-0.453622,,160,139,125,115,915,,,,,,,,,-51,15:03:34.671,
,,974,740,326,160,183,0.006348,-0.004883,1.037109,1.312500,-3.806250,-0.175000,0.052414,-0.173886,-0.450848,,159,140,127,114,917,,,,,,,,,-51,15:03:34.672,
,,975,760,328,159,181,0.005371,-0.004395,1.034668,1.268750,-3.797500,-0.210000,0.048472,-0.174616,-0.451140,,157,142,125,114,915,,,,,,,,,-51,15:03:34.700,
,,976,780,328,161,181,0.007324,-0.001465,1.031738,1.321250,-3.736250,-0.157500,0.055334,-0.178120,-0.441066,,157,141,126,114,916,,,,,,,,,-51,15:03:34.729,
,,977,800,328,159,182,0.008301,-0.006348,1.038086,1.338750,-3.745000,-0.166250,0.054604,-0.176222,-0.440628,,159,140,127,116,916,,,,,,,,,-51,15:03:34.760,
,,978,820,326,160,182,0.004395,-0.002441,1.034668,1.303750,-3.753750,-0.175000,0.054604,-0.176222,-0.440628,,159,140,127,115,915,,,,,,,,,-51,15:03:34.762,
,,979,840,326,160,183,0.003906,-0.004395,1.034180,1.356250,-3.718750,-0.183750,0.052998,-0.177682,-0.460192,,158,141,129,114,917,,,,,,,,,-51,15:03:34.792,
,,980,860,326,159,181,0.011719,-0.008789,1.032227,1.417500,-3.762500,-0.183750,0.055772,-0.173886,-0.437270,,158,141,125,114,916,,,,,,,,,-51,15:03:34.793,
,,981,880,328,159,181,0.006836,-0.005371,1.033691,1.356250,-3.806250,-0.105000,0.048472,-0.174470,-0.455520,,159,141,124,116,916,,,,,,,,,-51,15:03:34.820,
,,982,900,327,159,181,0.001953,-0.004395,1.037109,1.295000,-3.780000,-0.148750,0.056794,-0.173886,-0.450702,,158,139,125,114,917,,,,,,,,,-51,15:03:34.849,
,,983,920,326,160,183,0.002930,-0.004395,1.038086,1.321250,-3.858750,-0.192500,0.049786,-0.173010,-0.448512,,159,140,129,114,916,,,,,,,,,-51,15:03:34.858,
,,984,940,328,161,183,0.005371,-0.008301,1.033203,1.373750,-3.753750,-0.183750,0.049786,-0.173010,-0.448512,,159,141,128,113,916,,,,,,,,,-51,15:03:34.880,
,,985,960,326,161,182,0.008789,-0.006348,1.031250,1.303750,-3.710000,-0.218750,0.051684,-0.175054,-0.452454,,157,139,125,113,916,,,,,,,,,-51,15:03:34.911,
,,986,980,327,159,181,0.004883,-0.005371,1.034668,1.260000,-3.692500,-0.148750,0.056064,-0.175492,-0.449242,,159,141,125,114,917,,,,,,,,,-51,15:03:34.911,
,,987,1000,328,159,181,0.005371,-0.008301,1.040527,1.330000,-3.788750,-0.236250,0.054166,-0.175492,-0.445446,,158,139,126,116,916,,,,,,,,,-51,15:03:35.000,
,,988,1020,327,162,182,0.011230,-0.007812,1.035156,1.303750,-3.780000,-0.166250,0.055480,-0.178704,-0.447636,,158,140,126,115,916,,,,,,,,,-51,15:03:35.001,
,,989,1040,328,161,182,0.009277,-0.005371,1.033203,1.400000,-3.736250,-0.096250,0.055480,-0.178704,-0.447636,,157,143,127,115,915,,,,,,,,,-51,15:03:35.002,
,,990,1060,326,159,180,0.003906,-0.008301,1.038086,1.190000,-3.797500,-0.183750,0.047888,-0.175492,-0.451286,,159,140,126,114,916,,,,,,,,,-51,15:03:35.021,
,,991,1080,328,161,181,0.002930,-0.004395,1.035645,1.312500,-3.806250,-0.201250,0.051246,-0.178266,-0.462820,,158,140,125,115,917,,,,,,,,,-51,15:03:35.031,
,,992,1100,327,161,180,0.002930,-0.004395,1.029785,1.303750,-3.701250,-0.175000,0.057086,-0.176806,-0.454790,,158,141,126,116,916,,,,,,,,,-51,15:03:35.031,
,,993,1120,328,159,183,0.004883,-0.004395,1.033691,1.260000,-3.780000,-0.166250,0.052706,-0.181478,-0.449826,,158,140,128,115,916,,,,,,,,,-51,15:03:35.060,
,,994,1140,325,158,182,0.003418,-0.003906,1.033691,1.216250,-3.771250,-0.201250,0.052706,-0.181478,-0.449826,,158,141,127,114,917,,,,,,,,,-51,15:03:35.089,
,,995,1160,326,160,182,0.006348,-0.003418,1.036133,1.338750,-3.823750,-0.201250,0.057816,-0.177974,-0.457564,,158,142,126,114,916,,,,,,,,,-51,15:03:35.091,
,,996,1180,328,159,182,0.007324,-0.002441,1.034668,1.373750,-3.797500,-0.183750,0.054458,-0.180018,-0.445592,,158,141,125,114,917,,,,,,,,,-51,15:03:35.120,
,,997,1200,327,160,181,0.006836,-0.008789,1.037598,1.286250,-3.771250,-0.201250,0.062196,-0.173594,-0.445300,,157,138,125,114,917,,,,,,,,,-51,15:03:35.149,
,,998,1220,328,160,183,0.010742,-0.010742,1.032227,1.268750,-3.736250,-0.210000,0.056064,-0.175054,-0.461360,,160,141,127,114,916,,,,,,,,,-51,15:03:35.158,
,,999,1240,337,164,198,0.005371,-0.004395,1.032227,1.408750,-3.745000,-0.192500,0.053290,-0.179434,-0.447490,,171,150,136,121,918,,,,,,,,,-51,15:03:35.210,
,,1000,1260,328,161,187,0.004883,-0.005859,1.036133,1.365000,-3.780000,-0.218750,0.050808,-0.178120,-0.451870,,162,146,133,118,915,,,,,,,,,-51,15:03:35.212,
,,1001,1280,327,159,184,0.003906,-0.002930,1.039551,1.338750,-3.797500,-0.131250,0.054020,-0.177098,-0.458294,,161,143,128,116,917,,,,,,,,,-51,15:03:35.243,
,,1002,1300,327,160,182,0.007324,-0.003906,1.035645,1.400000,-3.771250,-0.175000,0.054020,-0.177098,-0.458294,,157,142,125,116,917,,,,,,,,,-51,15:03:35.271,
,,1003,1320,327,161,182,0.008301,-0.003418,1.032715,1.443750,-3.727500,-0.140000,0.053436,-0.177098,-0.454352,,160,141,126,117,916,,,,,,,,,-51,15:03:35.272,
,,1004,1340,325,158,182,0.006836,-0.002441,1.036133,1.347500,-3.841250,-0.148750,0.049202,-0.178266,-0.449242,,157,141,125,115,916,,,,,,,,,-51,15:03:35.302,
,,1005,1360,326,158,184,0.004395,-0.010742,1.043945,1.260000,-3.885000,-0.245000,0.047888,-0.173156,-0.456834,,159,141,127,113,918,,,,,,,,,-51,15:03:35.332,
,,1006,1380,326,160,182,0.009766,-0.011719,1.040039,1.347500,-3.771250,-0.175000,0.053290,-0.177974,-0.457418,,160,140,125,113,917,,,,,,,,,-51,15:03:35.362,
,,1007,1400,328,158,180,0.010742,-0.007324,1.031250,1.373750,-3.727500,-0.227500,0.053290,-0.177974,-0.457418,,158,140,125,114,916,,,,,,,,,-51,15:03:35.391,
,,1008,1420,327,159,181,0.005859,-0.010742,1.029785,1.443750,-3.736250,-0.157500,0.055626,-0.170236,-0.453914,,159,139,126,114,916,,,,,,,,,-51,15:03:35.392,
,,1009,1440,328,159,182,0.006836,-0.005371,1.040527,1.286250,-3.771250,-0.113750,0.047304,-0.171550,-0.449388,,158,141,129,115,917,,,,,,,,,-51,15:03:35.392,
,,1010,1460,327,158,184,0.005859,-0.005859,1.040527,1.391250,-3.797500,-0.183750,0.054458,-0.169214,-0.447636,,159,140,126,114,916,,,,,,,,,-51,15:03:35.420,
,,1011,1480,326,158,181,0.005859,-0.003906,1.036133,1.417500,-3.806250,-0.201250,0.054458,-0.172572,-0.449826,,160,140,125,114,915,,,,,,,,,-51,15:03:35.449,
,,1012,1500,326,160,182,0.004395,-0.005859,1.031738,1.373750,-3.797500,-0.122500,0.052852,-0.174616,-0.456542,,158,141,127,115,917,,,,,,,,,-51,15:03:35.460,
,,1013,1520,326,160,181,0.001953,-0.005371,1.029785,1.365000,-3.815000,-0.227500,0.053436,-0.175638,-0.446030,,158,142,125,113,917,,,,,,,,,-51,15:03:35.480,
,,1014,1540,328,160,180,0.005371,-0.008789,1.038574,1.426250,-3.876250,-0.218750,0.049932,-0.177682,-0.443110,,160,140,125,114,917,,,,,,,,,-51,15:03:35.510,
,,1015,1560,327,160,181,0.008789,-0.007812,1.039062,1.216250,-3.815000,-0.227500,0.049932,-0.177682,-0.443110,,158,139,125,115,916,,,,,,,,,-51,15:03:35.512,
,,1016,1580,327,158,181,0.005859,-0.012207,1.041992,1.242500,-3.788750,-0.148750,0.051100,-0.173594,-0.439314,,159,141,128,114,916,,,,,,,,,-51,15:03:35.542,
,,1017,1600,326,160,183,0.005371,-0.012695,1.030762,1.426250,-3.736250,-0.175000,0.056502,-0.171112,-0.451286,,159,141,128,116,918,,,,,,,,,-51,15:03:35.572,
,,1018,1620,326,158,182,0.006836,-0.010742,1.022949,1.487500,-3.718750,-0.105000,0.050370,-0.170674,-0.447782,,157,141,126,114,917,,,,,,,,,-51,15:03:35.573,
,,1019,1640,326,159,181,0.007812,-0.006348,1.036133,1.312500,-3.753750,-0.157500,0.054020,-0.172426,-0.442088,,159,140,125,114,916,,,,,,,,,-51,15:03:35.602,
,,1020,1660,327,158,179,0.005859,-0.003418,1.043945,1.321250,-3.736250,-0.183750,0.054020,-0.172426,-0.442088,,157,139,124,114,916,,,,,,,,,-51,15:03:35.632,
,,1021,1680,326,160,182,0.003418,-0.000488,1.033691,1.391250,-3.762500,-0.105000,0.052998,-0.177536,-0.463112,,160,142,127,115,916,,,,,,,,,-51,15:03:35.633,
,,1022,1700,326,157,182,0.002930,-0.004883,1.028320,1.391250,-3.780000,-0.157500,0.055918,-0.174178,-0.447490,,159,141,126,115,916,,,,,,,,,-51,15:03:35.662,
,,1023,1720,325,160,183,0.005371,-0.006348,1.031250,1.277500,-3.745000,-0.175000,0.050662,-0.171696,-0.444424,,159,141,128,113,917,,,,,,,,,-51,15:03:35.692,
,,1024,1740,326,159,182,0.005859,-0.011230,1.039551,1.312500,-3.850000,-0.183750,0.053874,-0.173302,-0.448512,,158,141,126,115,916,,,,,,,,,-51,15:03:35.693,
,,1025,1760,327,161,181,0.008301,-0.010254,1.039062,1.312500,-3.736250,-0.131250,0.053874,-0.173302,-0.448512,,157,140,125,116,917,,,,,,,,,-51,15:03:35.722,
,,1026,1780,327,162,181,0.009277,-0.007324,1.034180,1.330000,-3.745000,-0.122500,0.049786,-0.170528,-0.444278,,157,139,126,115,916,,,,,,,,,-51,15:03:35.750,
,,1027,1800,325,157,182,0.010742,-0.006348,1.034180,1.373750,-3.780000,-0.236250,0.056064,-0.171258,-0.440628,,158,141,128,116,917,,,,,,,,,-51,15:03:35.759,
,,1028,1820,325,160,183,0.010254,-0.002930,1.036621,1.312500,-3.841250,-0.218750,0.052852,-0.172280,-0.446760,,160,141,126,114,917,,,,,,,,,-51,15:03:35.782,
,,1029,1840,327,160,181,0.004395,-0.003906,1.035156,1.303750,-3.753750,-0.210000,0.051100,-0.174032,-0.449242,,158,140,124,114,917,,,,,,,,,-51,15:03:35.810,
,,1030,1860,327,160,181,0.001465,-0.004883,1.029785,1.382500,-3.762500,-0.201250,0.051100,-0.174032,-0.449242,,158,140,123,116,917,,,,,,,,,-51,15:03:35.812,
,,1031,1880,327,161,181,0.001953,-0.003906,1.036133,1.303750,-3.771250,-0.218750,0.057378,-0.174470,-0.437416,,159,140,127,115,916,,,,,,,,,-51,15:03:35.843,
,,1032,1900,325,157,182,0.002930,-0.005371,1.033691,1.330000,-3.797500,-0.201250,0.051246,-0.174762,-0.446906,,158,140,128,114,917,,,,,,,,,-51,15:03:35.872,
,,1033,1920,326,160,184,0.001953,-0.006348,1.034668,1.321250,-3.858750,-0.227500,0.051976,-0.177536,-0.443110,,159,142,126,114,916,,,,,,,,,-51,15:03:35.902,
,,1034,1940,327,160,181,0.007812,-0.006836,1.035645,1.321250,-3.771250,-0.131250,0.052122,-0.176222,-0.450556,,157,141,126,115,916,,,,,,,,,-51,15:03:35.902,
,,1035,1960,325,160,180,0.010254,-0.006348,1.033203,1.242500,-3.657500,-0.148750,0.052122,-0.176222,-0.450556,,158,140,124,114,916,,,,,,,,,-51,15:03:35.931,
,,1036,1980,328,158,182,0.006836,-0.003906,1.036133,1.268750,-3.806250,-0.192500,0.048910,-0.173156,-0.446760,,159,140,127,115,917,,,,,,,,,-51,15:03:35.931,
,,1037,2000,326,161,183,0.010742,-0.007324,1.031738,1.417500,-3.806250,-0.192500,0.053436,-0.176222,-0.457272,,160,141,127,116,916,,,,,,,,,-51,15:03:35.960,
,,1038,2020,325,157,182,0.005371,-0.006836,1.039062,1.295000,-3.780000,-0.262500,0.048618,-0.172572,-0.455666,,160,141,127,114,916,,,,,,,,,-51,15:03:35.989,
,,1039,2040,327,158,182,0.000977,-0.005859,1.030762,1.295000,-3.771250,-0.192500,0.053582,-0.177828,-0.445154,,157,141,124,114,918,,,,,,,,,-51,15:03:35.998,
,,1040,2060,327,161,181,0.003906,-0.004883,1.035156,1.338750,-3.788750,-0.131250,0.052998,-0.172572,-0.455520,,159,139,125,114,915,,,,,,,,,-51,15:03:36.019,
,,1041,2080,326,159,181,0.004883,-0.006836,1.034668,1.303750,-3.745000,-0.227500,0.052998,-0.172572,-0.455520,,158,142,127,115,918,,,,,,,,,-51,15:03:36.049,
,,1042,2100,325,159,183,0.006836,-0.005371,1.034668,1.295000,-3.736250,-0.113750,0.052998,-0.170674,-0.443256,,158,141,128,115,918,,,,,,,,,-51,15:03:36.050,
,,1043,2120,326,160,184,0.007812,-0.007324,1.039551,1.408750,-3.841250,-0.236250,0.052122,-0.176514,-0.452892,,159,142,125,114,917,,,,,,,,,-51,15:03:36.080,
,,1044,2140,326,159,182,0.004883,-0.007324,1.038574,1.365000,-3.745000,-0.210000,0.051100,-0.175054,-0.445446,,159,141,124,113,917,,,,,,,,,-49,15:03:36.112,
,,1045,2160,326,160,180,0.007324,-0.003906,1.037598,1.303750,-3.692500,-0.166250,0.046866,-0.174032,-0.429094,,158,139,124,114,915,,,,,,,,,-49,15:03:36.112,
,,1046,2180,328,162,182,0.006348,-0.009277,1.037598,1.277500,-3.745000,-0.157500,0.046866,-0.174032,-0.429094,,159,141,128,115,917,,,,,,,,,-49,15:03:36.142,
,,1047,2200,326,161,182,0.005859,-0.004395,1.034668,1.312500,-3.710000,-0.122500,0.050808,-0.173886,-0.450556,,158,140,128,117,916,,,,,,,,,-49,15:03:36.172,
,,1048,2220,326,159,179,0.007812,-0.004395,1.034180,1.303750,-3.736250,-0.236250,0.053728,-0.171842,-0.451724,,156,139,126,113,916,,,,,,,,,-49,15:03:36.200,
,,1049,2240,325,158,182,0.002441,-0.006348,1.031250,1.417500,-3.771250,-0.175000,0.053728,-0.171842,-0.451724,,157,140,127,114,915,,,,,,,,,-49,15:03:36.229,
,,1050,2260,326,160,182,0.004395,-0.003418,1.033691,1.312500,-3.806250,-0.166250,0.051976,-0.169944,-0.447928,,160,140,124,114,916,,,,,,,,,-49,15:03:36.231,
,,1051,2280,327,160,181,0.006348,-0.007324,1.036621,1.321250,-3.797500,-0.183750,0.054604,-0.171112,-0.439898,,158,139,124,114,917,,,,,,,,,-49,15:03:36.260,
,,1052,2300,327,159,181,0.006348,-0.000488,1.039062,1.303750,-3.771250,-0.192500,0.053728,-0.170528,-0.444862,,157,141,125,116,914,,,,,,,,,-49,15:03:36.291,
,,1053,2320,327,158,182,0.004395,-0.005859,1.031738,1.286250,-3.780000,-0.105000,0.054604,-0.170382,-0.449972,,158,141,127,116,917,,,,,,,,,-49,15:03:36.292,
,,1054,2340,326,160,183,0.005859,-0.002930,1.034668,1.338750,-3.797500,-0.175000,0.054604,-0.170382,-0.449972,,157,141,127,115,915,,,,,,,,,-49,15:03:36.320,
,,1055,2360,325,157,181,0.005371,-0.006348,1.040039,1.233750,-3.806250,-0.166250,0.049348,-0.167462,-0.455082,,158,139,123,114,916,,,,,,,,,-49,15:03:36.349,
,,1056,2380,325,160,181,0.004395,-0.001465,1.035645,1.277500,-3.692500,-0.192500,0.052122,-0.174470,-0.445884,,158,141,125,114,916,,,,,,,,,-49,15:03:36.360,
,,1057,2400,328,158,181,0.007812,-0.003418,1.032227,1.417500,-3.780000,-0.201250,0.053290,-0.173886,-0.454498,,157,139,125,115,915,,,,,,,,,-49,15:03:36.380,
,,1058,2420,326,158,181,0.006348,-0.003418,1.030762,1.338750,-3.797500,-0.148750,0.058400,-0.174032,-0.436978,,159,140,129,115,915,,,,,,,,,-49,15:03:36.410,
,,1059,2440,327,158,183,0.006348,-0.007324,1.037598,1.312500,-3.815000,-0.210000,0.058400,-0.174032,-0.436978,,158,142,128,115,915,,,,,,,,,-49,15:03:36.412,
,,1060,2460,327,159,182,0.006348,-0.005371,1.034180,1.295000,-3.806250,-0.175000,0.053582,-0.174032,-0.455374,,159,139,125,114,916,,,,,,,,,-49,15:03:36.442,
,,1061,2480,326,159,182,0.003906,-0.003418,1.037598,1.365000,-3.815000,-0.227500,0.051684,-0.170090,-0.450702,,158,140,126,115,917,,,,,,,,,-49,15:03:36.472,
,,1062,2500,327,160,181,0.005371,-0.001953,1.036621,1.321250,-3.762500,-0.210000,0.052998,-0.173886,-0.449972,,158,139,126,115,917,,,,,,,,,-49,15:03:36.473,
,,1063,2520,325,159,182,0.003906,-0.005859,1.031250,1.321250,-3.745000,-0.183750,0.053874,-0.173594,-0.450264,,158,141,128,116,917,,,,,,,,,-49,15:03:36.502,
,,1064,2540,326,159,182,0.005371,-0.002930,1.037598,1.312500,-3.753750,-0.122500,0.053874,-0.173594,-0.450264,,159,141,128,114,916,,,,,,,,,-49,15:03:36.532,
,,1065,2560,325,159,181,0.008301,-0.009766,1.033203,1.365000,-3.797500,-0.157500,0.056064,-0.172718,-0.437270,,157,139,126,114,915,,,,,,,,,-49,15:03:36.533,
,,1066,2580,326,159,182,0.002930,-0.005859,1.032715,1.356250,-3.692500,-0.175000,0.051830,-0.171404,-0.451432,,159,142,127,114,916,,,,,,,,,-49,15:03:36.562,
,,1067,2600,326,161,181,0.008789,-0.006836,1.035156,1.233750,-3.780000,-0.157500,0.057816,-0.169360,-0.452454,,158,139,125,115,915,,,,,,,,,-49,15:03:36.592,
,,1068,2620,328,160,181,0.009277,-0.002930,1.034668,1.338750,-3.745000,-0.210000,0.060444,-0.175054,-0.443986,,158,141,126,114,916,,,,,,,,,-49,15:03:36.592,
,,1069,2640,328,159,179,0.005859,-0.004883,1.034180,1.347500,-3.718750,-0.227500,0.052998,-0.171696,-0.442234,,158,141,125,116,915,,,,,,,,,-49,15:03:36.622,
,,1070,2660,327,160,182,0.003418,-0.004395,1.034180,1.330000,-3.797500,-0.122500,0.047596,-0.174032,-0.450848,,160,141,127,114,918,,,,,,,,,-49,15:03:36.652,
,,1071,2680,328,160,184,0.003418,-0.003906,1.034180,1.303750,-3.815000,-0.245000,0.047596,-0.174032,-0.450848,,158,141,128,114,916,,,,,,,,,-49,15:03:36.652,
,,1072,2700,325,158,181,0.002930,-0.003418,1.033691,1.330000,-3.666250,-0.166250,0.049494,-0.174470,-0.451578,,158,140,125,114,917,,,,,,,,,-49,15:03:36.682,
,,1073,2720,326,158,181,0.005859,-0.004883,1.034668,1.286250,-3.745000,-0.201250,0.056502,-0.172572,-0.441942,,160,141,125,113,916,,,,,,,,,-49,15:03:36.710,
,,1074,2740,328,158,180,0.005371,-0.002930,1.032715,1.400000,-3.832500,-0.122500,0.050078,-0.173156,-0.439314,,158,140,125,114,916,,,,,,,,,-49,15:03:36.720,
,,1075,2760,327,160,181,0.005371,-0.001953,1.033203,1.312500,-3.780000,-0.131250,0.052706,-0.175346,-0.443694,,158,141,128,115,916,,,,,,,,,-49,15:03:36.742,
,,1076,2780,328,158,183,0.007324,-0.005859,1.037109,1.277500,-3.806250,-0.175000,0.049932,-0.170090,-0.450702,,160,141,129,113,916,,,,,,,,,-49,15:03:36.771,
,,1077,2800,326,160,182,0.007324,-0.002441,1.035156,1.347500,-3.780000,-0.157500,0.049932,-0.170090,-0.450702,,160,140,125,114,916,,,,,,,,,-49,15:03:36.772,
,,1078,2820,326,159,181,0.003906,-0.005371,1.035645,1.286250,-3.780000,-0.113750,0.051684,-0.172134,-0.446030,,159,141,125,114,915,,,,,,,,,-49,15:03:36.800,
,,1079,2840,327,159,182,0.008301,-0.007812,1.032227,1.330000,-3.718750,-0.166250,0.055042,-0.171696,-0.449826,,158,139,125,115,915,,,,,,,,,-49,15:03:36.830,
,,1080,2860,327,157,181,0.004395,-0.004395,1.034668,1.303750,-3.858750,-0.175000,0.054312,-0.171258,-0.455666,,158,141,127,116,916,,,,,,,,,-49,15:03:36.832,
,,1081,2880,327,159,182,0.004883,-0.004883,1.036133,1.321250,-3.753750,-0.131250,0.054458,-0.171404,-0.447782,,159,140,125,114,918,,,,,,,,,-49,15:03:36.862,
,,1082,2900,325,158,182,0.004883,-0.007812,1.038574,1.330000,-3.701250,-0.183750,0.054458,-0.171404,-0.447782,,157,140,126,113,917,,,,,,,,,-49,15:03:36.890,
,,1083,2920,327,160,181,0.008301,-0.004883,1.034668,1.365000,-3.780000,-0.201250,0.049202,-0.173740,-0.447344,,158,139,125,114,916,,,,,,,,,-49,15:03:36.899,
,,1084,2940,328,160,181,0.006348,-0.003418,1.034180,1.312500,-3.736250,-0.105000,0.048764,-0.169944,-0.447928,,158,138,125,115,916,,,,,,,,,-49,15:03:36.922,
,,1085,2960,327,158,181,0.009766,-0.007324,1.034668,1.330000,-3.736250,-0.192500,0.048034,-0.176514,-0.440628,,158,142,127,115,915,,,,,,,,,-49,15:03:36.950,
,,1086,2980,326,160,183,0.005859,-0.002441,1.033691,1.382500,-3.823750,-0.148750,0.052998,-0.169214,-0.448366,,158,141,128,115,917,,,,,,,,,-49,15:03:36.951,
,,1087,3000,326,159,183,0.004395,-0.004395,1.034668,1.277500,-3.745000,-0.105000,0.052998,-0.169214,-0.448366,,157,141,125,113,916,,,,,,,,,-49,15:03:36.979,
,,1088,3020,327,159,181,0.003906,-0.002930,1.036133,1.356250,-3.745000,-0.131250,0.052122,-0.168922,-0.450410,,157,140,126,113,916,,,,,,,,,-49,15:03:37.010,
,,1089,3040,327,160,181,0.003906,-0.004395,1.034668,1.268750,-3.727500,-0.192500,0.050808,-0.173010,-0.437708,,159,140,124,114,916,,,,,,,,,-49,15:03:37.019,
,,1090,3060,328,159,181,0.006836,-0.007324,1.034668,1.286250,-3.666250,-0.201250,0.054166,-0.173448,-0.444278,,159,139,127,115,916,,,,,,,,,-49,15:03:37.041,
,,1091,3080,325,159,182,0.005859,-0.005859,1.037598,1.365000,-3.771250,-0.166250,0.053728,-0.172426,-0.456688,,159,141,128,113,917,,,,,,,,,-49,15:03:37.072,
,,1092,3100,326,158,183,0.005859,-0.004395,1.037598,1.400000,-3.850000,-0.166250,0.053728,-0.172426,-0.456688,,158,141,126,115,915,,,,,,,,,-49,15:03:37.072,
,,1093,3120,326,160,181,0.005371,-0.005371,1.036621,1.286250,-3.762500,-0.175000,0.050370,-0.175346,-0.435518,,158,141,125,115,916,,,,,,,,,-49,15:03:37.102,
,,1094,3140,326,159,181,0.003418,-0.006836,1.035645,1.330000,-3.780000,-0.122500,0.051392,-0.176222,-0.440628,,157,141,125,114,915,,,,,,,,,-49,15:03:37.132,
,,1095,3160,327,158,182,0.006836,-0.004395,1.031738,1.330000,-3.648750,-0.271250,0.052998,-0.171258,-0.442380,,159,142,128,117,917,,,,,,,,,-49,15:03:37.132,
,,1096,3180,326,159,182,0.006348,-0.003418,1.036133,1.312500,-3.815000,-0.122500,0.052268,-0.169944,-0.446030,,160,142,128,116,917,,,,,,,,,-49,15:03:37.162,
,,1097,3200,336,162,198,0.007812,-0.004395,1.038574,1.338750,-3.762500,-0.175000,0.053436,-0.170674,-0.445884,,171,150,134,122,917,,,,,,,,,-49,15:03:37.190,
,,1098,3220,328,162,186,0.008789,-0.005371,1.034180,1.268750,-3.753750,-0.061250,0.055918,-0.168776,-0.433620,,163,145,131,118,916,,,,,,,,,-49,15:03:37.219,
,,1099,3240,328,159,181,0.008789,-0.004883,1.034180,1.330000,-3.762500,-0.183750,0.057670,-0.174178,-0.434788,,161,142,128,116,915,,,,,,,,,-49,15:03:37.250,
,,1100,3260,327,159,181,0.008301,-0.002930,1.034180,1.400000,-3.780000,-0.306250,0.057670,-0.174178,-0.434788,,157,140,126,115,915,,,,,,,,,-49,15:03:37.280,
,,1101,3280,327,159,181,0.005859,-0.007812,1.040039,1.312500,-3.841250,-0.245000,0.052706,-0.169360,-0.445738,,160,139,126,115,915,,,,,,,,,-49,15:03:37.281,
,,1102,3300,327,159,181,0.004883,-0.005371,1.034668,1.435000,-3.788750,-0.131250,0.048910,-0.170674,-0.434350,,158,141,127,116,917,,,,,,,,,-49,15:03:37.311,
,,1103,3320,327,160,182,0.006348,-0.007324,1.035156,1.365000,-3.710000,-0.157500,0.052414,-0.173740,-0.443694,,158,142,127,113,915,,,,,,,,,-49,15:03:37.311,
,,1104,3340,327,158,181,0.008789,-0.008301,1.034180,1.295000,-3.780000,-0.253750,0.054312,-0.168192,-0.427926,,158,139,124,114,915,,,,,,,,,-49,15:03:37.340,
,,1105,3360,326,160,181,0.007812,-0.004883,1.035645,1.373750,-3.780000,-0.210000,0.054312,-0.168192,-0.427926,,157,139,125,114,916,,,,,,,,,-49,15:03:37.372,
,,1106,3380,326,160,181,0.003418,-0.009277,1.040527,1.303750,-3.727500,-0.192500,0.059568,-0.171404,-0.443402,,158,141,127,115,916,,,,,,,,,-49,15:03:37.372,
,,1107,3400,328,159,182,0.009277,-0.002930,1.036133,1.277500,-3.771250,-0.175000,0.050516,-0.172426,-0.446176,,159,141,127,116,918,,,,,,,,,-49,15:03:37.400,
,,1108,3420,325,160,182,0.005371,-0.005859,1.036133,1.338750,-3.745000,-0.131250,0.055480,-0.174616,-0.454352,,158,141,128,113,916,,,,,,,,,-49,15:03:37.429,
,,1109,3440,326,158,182,0.003418,-0.006836,1.035156,1.417500,-3.780000,-0.192500,0.058400,-0.170674,-0.445884,,157,141,124,115,915,,,,,,,,,-49,15:03:37.431,
,,1110,3460,328,158,181,0.005859,-0.003906,1.036133,1.260000,-3.797500,-0.122500,0.054020,-0.168338,-0.440044,,160,139,125,116,916,,,,,,,,,-49,15:03:37.460,
,,1111,3480,327,160,181,0.006348,-0.006836,1.037598,1.303750,-3.797500,-0.122500,0.054020,-0.168338,-0.440044,,158,142,125,116,915,,,,,,,,,-49,15:03:37.489,
,,1112,3500,328,160,182,0.002441,-0.006348,1.033203,1.303750,-3.736250,-0.140000,0.053436,-0.176076,-0.443256,,159,141,127,116,917,,,,,,,,,-49,15:03:37.498,
,,1113,3520,325,161,182,0.002441,-0.006348,1.032227,1.347500,-3.893750,-0.245000,0.051976,-0.178120,-0.432452,,158,141,128,114,916,,,,,,,,,-49,15:03:37.520,
,,1114,3540,325,159,182,0.006348,-0.005371,1.037109,1.347500,-3.675000,-0.253750,0.049494,-0.166440,-0.440920,,158,139,125,115,916,,,,,,,,,-49,15:03:37.581,
,,1115,3560,327,159,180,0.004883,-0.008301,1.037598,1.373750,-3.823750,-0.253750,0.057086,-0.172280,-0.440482,,158,141,125,114,916,,,,,,,,,-49,15:03:37.582,
,,1116,3580,327,158,182,0.005859,-0.002930,1.032715,1.347500,-3.823750,-0.113750,0.057086,-0.172280,-0.440482,,159,139,127,114,916,,,,,,,,,-49,15:03:37.583,
,,1117,3600,326,159,182,0.006836,-0.000977,1.037109,1.286250,-3.780000,-0.131250,0.052268,-0.171258,-0.442526,,158,139,128,116,916,,,,,,,,,-49,15:03:37.610,
,,1118,3620,326,159,182,0.002930,-0.005371,1.033691,1.338750,-3.710000,-0.192500,0.054458,-0.169214,-0.442526,,159,141,128,115,915,,,,,,,,,-49,15:03:37.611,
,,1119,3640,326,158,181,0.006836,-0.004395,1.036133,1.417500,-3.762500,-0.140000,0.056648,-0.174616,-0.440044,,157,140,125,115,917,,,,,,,,,-49,15:03:37.642,
,,1120,3660,327,160,182,0.006836,-0.005859,1.036621,1.330000,-3.841250,-0.175000,0.055918,-0.173886,-0.438876,,158,140,125,114,916,,,,,,,,,-49,15:03:37.671,
,,1121,3680,327,159,180,0.008301,-0.012695,1.031738,1.295000,-3.815000,-0.166250,0.055918,-0.173886,-0.438876,,158,139,127,116,915,,,,,,,,,-49,15:03:37.672,
,,1122,3700,325,160,182,0.003906,-0.005859,1.039551,1.277500,-3.727500,-0.227500,0.057524,-0.170528,-0.443694,,160,140,128,115,917,,,,,,,,,-49,15:03:37.700,
,,1123,3720,325,158,182,0.007324,-0.006348,1.037598,1.347500,-3.780000,-0.140000,0.056210,-0.171988,-0.442234,,159,142,127,113,918,,,,,,,,,-49,15:03:37.729,
,,1124,3740,325,158,182,0.007324,-0.006348,1.036133,1.382500,-3.788750,-0.166250,0.054896,-0.171842,-0.442818,,157,141,123,113,917,,,,,,,,,-49,15:03:37.731,
,,1125,3760,327,160,182,0.003418,-0.004395,1.032227,1.382500,-3.788750,-0.192500,0.054166,-0.168046,-0.456834,,158,141,126,114,917,,,,,,,,,-49,15:03:37.760,
,,1126,3780,326,158,181,0.007812,-0.004883,1.034668,1.365000,-3.710000,-0.306250,0.054166,-0.168046,-0.456834,,160,140,126,117,917,,,,,,,,,-49,15:03:37.790,
,,1127,3800,328,159,182,0.003418,-0.006348,1.032715,1.312500,-3.780000,-0.131250,0.048034,-0.167462,-0.449972,,160,141,126,116,916,,,,,,,,,-49,15:03:37.799,
,,1128,3820,325,158,182,0.001953,-0.003906,1.032715,1.312500,-3.850000,-0.105000,0.051246,-0.172280,-0.452454,,157,141,127,115,917,,,,,,,,,-49,15:03:37.820,
,,1129,3840,328,158,181,0.008789,-0.007324,1.035645,1.295000,-3.736250,-0.175000,0.052414,-0.172280,-0.449096,,159,141,127,116,917,,,,,,,,,-49,15:03:37.849,
,,1130,3860,326,158,184,0.007812,-0.008301,1.038086,1.277500,-3.745000,-0.210000,0.055480,-0.169798,-0.439898,,157,141,126,114,917,,,,,,,,,-49,15:03:37.880,
,,1131,3880,327,158,182,0.006348,-0.003906,1.035645,1.373750,-3.832500,-0.175000,0.047450,-0.171550,-0.445738,,157,138,125,114,916,,,,,,,,,-49,15:03:37.910,
,,1132,3900,326,161,182,0.005859,-0.005371,1.037598,1.365000,-3.727500,-0.227500,0.054312,-0.174908,-0.441358,,158,142,126,115,917,,,,,,,,,-49,15:03:37.911,
,,1133,3920,327,161,180,0.006836,-0.006348,1.035645,1.373750,-3.762500,-0.131250,0.054312,-0.174908,-0.441358,,158,140,124,115,916,,,,,,,,,-49,15:03:37.911,
,,1134,3940,326,157,181,0.009277,-0.004883,1.036133,1.373750,-3.858750,-0.157500,0.058838,-0.175054,-0.441066,,157,141,127,116,916,,,,,,,,,-49,15:03:37.973,
,,1135,3960,325,158,183,0.006348,-0.005371,1.035645,1.295000,-3.701250,-0.140000,0.052852,-0.179142,-0.438292,,158,141,128,114,915,,,,,,,,,-49,15:03:37.973,
,,1136,3980,327,160,183,0.003418,-0.004883,1.034668,1.321250,-3.745000,-0.192500,0.051100,-0.176952,-0.445738,,158,140,127,114,917,,,,,,,,,-49,15:03:37.974,
,,1137,4000,327,159,182,0.004395,-0.003906,1.033203,1.268750,-3.806250,-0.210000,0.051830,-0.173156,-0.452746,,160,141,126,113,916,,,,,,,,,-49,15:03:38.001,
,,1138,4020,326,162,181,0.004395,-0.006836,1.036621,1.303750,-3.762500,-0.157500,0.051830,-0.174470,-0.445008,,158,140,125,114,917,,,,,,,,,-49,15:03:38.030,
,,1139,4040,326,160,181,0.005859,-0.000977,1.036621,1.312500,-3.780000,-0.192500,0.051830,-0.174470,-0.445008,,160,141,125,115,917,,,,,,,,,-49,15:03:38.032,
,,1140,4060,325,159,183,0.007812,-0.002930,1.038574,1.295000,-3.736250,-0.210000,0.056502,-0.169214,-0.452162,,160,142,127,116,917,,,,,,,,,-49,15:03:38.060,
,,1141,4080,328,159,181,0.003418,-0.001953,1.036621,1.347500,-3.762500,-0.236250,0.053144,-0.173156,-0.452746,,158,140,125,115,918,,,,,,,,,-49,15:03:38.089,
,,1142,4100,327,162,182,0.004883,-0.001953,1.031250,1.356250,-3.736250,-0.218750,0.052414,-0.177244,-0.439022,,158,142,124,114,916,,,,,,,,,-49,15:03:38.099,
,,1143,4120,329,161,182,0.004395,-0.004395,1.035645,1.277500,-3.780000,-0.218750,0.052998,-0.175054,-0.444424,,158,140,125,115,916,,,,,,,,,-49,15:03:38.120,
,,1144,4140,326,158,183,0.003906,-0.005371,1.037109,1.321250,-3.788750,-0.201250,0.052998,-0.175054,-0.444424,,160,141,127,115,917,,,,,,,,,-49,15:03:38.149,
,,1145,4160,328,157,181,0.006836,-0.006348,1.037598,1.277500,-3.823750,-0.227500,0.054020,-0.174470,-0.446030,,158,140,126,114,916,,,,,,,,,-49,15:03:38.151,
,,1146,4180,326,158,181,0.010742,-0.008301,1.033691,1.347500,-3.710000,-0.218750,0.059860,-0.177390,-0.450702,,157,140,128,114,916,,,,,,,,,-49,15:03:38.209,
,,1147,4200,326,159,182,0.006348,-0.004883,1.033203,1.286250,-3.771250,-0.192500,0.059860,-0.177390,-0.450702,,157,140,126,114,917,,,,,,,,,-49,15:03:38.222,
,,1148,4220,326,161,181,0.004883,-0.004395,1.035645,1.295000,-3.771250,-0.131250,0.055772,-0.179872,-0.455374,,158,141,125,114,916,,,,,,,,,-49,15:03:38.242,
,,1149,4240,326,162,181,0.005859,-0.005371,1.040527,1.373750,-3.753750,-0.078750,0.051684,-0.179288,-0.440336,,158,140,125,115,917,,,,,,,,,-49,15:03:38.272,
,,1150,4260,326,159,183,0.005859,-0.003906,1.036621,1.338750,-3.762500,-0.201250,0.049202,-0.170966,-0.438292,,159,140,127,115,916,,,,,,,,,-49,15:03:38.272,
,,1151,4280,325,158,183,0.008789,-0.004883,1.036133,1.321250,-3.718750,-0.166250,0.055626,-0.177974,-0.446906,,157,141,129,114,916,,,,,,,,,-49,15:03:38.300,
,,1152,4300,325,159,181,0.007324,-0.007324,1.035156,1.365000,-3.666250,-0.210000,0.055626,-0.177974,-0.446906,,160,142,126,113,917,,,,,,,,,-49,15:03:38.330,
,,1153,4320,326,161,181,0.008301,-0.007812,1.035156,1.391250,-3.701250,-0.166250,0.052560,-0.173156,-0.446468,,158,141,125,114,916,,,,,,,,,-49,15:03:38.332,
,,1154,4340,329,159,179,0.004395,-0.007812,1.039062,1.347500,-3.771250,-0.113750,0.056502,-0.178996,-0.444862,,159,139,125,116,917,,,,,,,,,-49,15:03:38.362,
,,1155,4360,328,159,182,0.004395,-0.001953,1.035156,1.330000,-3.771250,-0.245000,0.051684,-0.170090,-0.432452,,160,141,128,116,916,,,,,,,,,-49,15:03:38.392,
,,1156,4380,326,159,183,0.002930,-0.004883,1.032715,1.295000,-3.771250,-0.280000,0.052998,-0.176660,-0.450264,,159,142,129,116,916,,,,,,,,,-49,15:03:38.392,
,,1157,4400,326,160,183,0.004883,-0.004395,1.033691,1.365000,-3.780000,-0.131250,0.052998,-0.176660,-0.450264,,157,141,126,114,916,,,,,,,,,-49,15:03:38.422,
,,1158,4420,326,158,182,0.006348,-0.005859,1.035156,1.330000,-3.806250,-0.140000,0.055626,-0.175054,-0.463988,,157,142,125,113,916,,,,,,,,,-49,15:03:38.451,
,,1159,4440,327,161,181,0.004395,-0.006836,1.039551,1.365000,-3.780000,-0.227500,0.051830,-0.176076,-0.453184,,158,140,124,116,917,,,,,,,,,-49,15:03:38.452,
,,1160,4460,326,161,183,0.006348,-0.007324,1.035645,1.338750,-3.850000,-0.183750,0.051684,-0.179726,-0.451432,,159,141,128,116,916,,,,,,,,,-49,15:03:38.479,
,,1161,4480,326,157,183,0.009766,-0.009277,1.034180,1.356250,-3.762500,-0.183750,0.052706,-0.176806,-0.456834,,161,141,128,115,917,,,,,,,,,-49,15:03:38.509,
,,1162,4500,326,158,182,0.005371,-0.004883,1.038086,1.373750,-3.780000,-0.192500,0.052706,-0.176806,-0.456834,,159,141,126,114,916,,,,,,,,,-49,15:03:38.518,
,,1163,4520,327,158,182,0.004395,-0.003906,1.034668,1.365000,-3.797500,-0.175000,0.051538,-0.172718,-0.442380,,160,142,126,113,916,,,,,,,,,-49,15:03:38.540,
,,1164,4540,326,159,182,0.001953,-0.005371,1.033203,1.303750,-3.762500,-0.131250,0.048180,-0.172864,-0.440920,,158,141,125,116,916,,,,,,,,,-49,15:03:38.570,
,,1165,4560,328,160,181,0.004395,-0.006348,1.036133,1.251250,-3.718750,-0.201250,0.049348,-0.176076,-0.448220,,159,142,128,116,916,,,,,,,,,-49,15:03:38.571,
,,1166,4580,326,160,181,0.003906,-0.002930,1.033691,1.382500,-3.727500,-0.210000,0.055188,-0.171112,-0.440628,,159,141,126,115,916,,,,,,,,,-49,15:03:38.600,
,,1167,4600,326,159,183,0.004395,-0.004395,1.032715,1.330000,-3.797500,-0.236250,0.055188,-0.171112,-0.440628,,158,142,127,114,916,,,,,,,,,-49,15:03:38.630,
,,1168,4620,326,160,182,0.008789,-0.003906,1.034668,1.365000,-3.683750,-0.166250,0.053874,-0.175638,-0.440774,,160,139,125,114,917,,,,,,,,,-49,15:03:38.631,
,,1169,4640,327,159,181,0.004883,-0.007812,1.037598,1.330000,-3.780000,-0.105000,0.052268,-0.175492,-0.440482,,158,139,123,113,916,,,,,,,,,-49,15:03:38.659,
,,1170,4660,327,159,181,0.008301,-0.004883,1.033691,1.330000,-3.780000,-0.218750,0.050954,-0.173886,-0.445738,,158,139,125,116,916,,,,,,,,,-49,15:03:38.690,
,,1171,4680,326,160,183,0.005371,-0.005371,1.034180,1.242500,-3.780000,-0.183750,0.056210,-0.175200,-0.444132,,159,140,129,115,916,,,,,,,,,-49,15:03:38.691,
,,1172,4700,327,159,183,0.005859,-0.003418,1.036621,1.268750,-3.727500,-0.245000,0.055334,-0.179872,-0.441942,,158,142,127,115,914,,,,,,,,,-49,15:03:38.719,
,,1173,4720,326,162,182,0.003906,-0.005859,1.033691,1.312500,-3.780000,-0.183750,0.055334,-0.179872,-0.441942,,159,141,125,113,917,,,,,,,,,-49,15:03:38.750,
,,1174,4740,327,160,181,0.002441,-0.003906,1.035645,1.347500,-3.683750,-0.166250,0.052122,-0.175784,-0.444716,,159,140,124,116,918,,,,,,,,,-49,15:03:38.752,
,,1175,4760,327,160,181,0.007812,-0.007324,1.036133,1.286250,-3.797500,-0.166250,0.054750,-0.178120,-0.440044,,158,139,126,116,917,,,,,,,,,-49,15:03:38.811,
,,1176,4780,327,158,182,0.006348,-0.006836,1.037109,1.321250,-3.815000,-0.262500,0.052414,-0.177536,-0.438876,,158,140,127,115,918,,,,,,,,,-49,15:03:38.871,
,,1177,4800,328,158,184,0.008789,-0.007324,1.033203,1.356250,-3.815000,-0.192500,0.053582,-0.174470,-0.450410,,158,141,130,114,917,,,,,,,,,-49,15:03:38.872,
,,1178,4820,326,158,181,0.002930,-0.004395,1.034180,1.286250,-3.797500,-0.157500,0.053582,-0.174470,-0.450410,,158,141,125,114,917,,,,,,,,,-49,15:03:38.872,
,,1179,4840,325,160,181,0.003906,-0.008301,1.031738,1.347500,-3.745000,-0.157500,0.053582,-0.176222,-0.441212,,158,140,125,115,916,,,,,,,,,-49,15:03:38.877,
,,1180,4860,327,159,181,0.005859,-0.006836,1.036133,1.365000,-3.788750,-0.210000,0.053582,-0.173740,-0.443694,,158,140,126,114,917,,,,,,,,,-49,15:03:38.877,
,,1181,4880,327,158,181,0.004395,-0.008301,1.040039,1.382500,-3.780000,-0.253750,0.053144,-0.171258,-0.446614,,161,139,129,114,914,,,,,,,,,-49,15:03:38.902,
,,1182,4900,325,158,182,0.007812,-0.004883,1.036621,1.321250,-3.771250,-0.183750,0.048910,-0.169214,-0.449826,,158,142,127,113,914,,,,,,,,,-49,15:03:38.932,
,,1183,4920,327,159,181,0.007812,-0.002441,1.036133,1.233750,-3.683750,-0.227500,0.048910,-0.169214,-0.449826,,159,140,126,114,918,,,,,,,,,-49,15:03:38.932,
,,1184,4940,327,160,182,0.002441,-0.001465,1.034668,1.242500,-3.753750,-0.183750,0.054166,-0.173740,-0.460776,,158,139,125,115,916,,,,,,,,,-49,15:03:38.960,
,,1185,4960,325,160,182,0.000977,-0.007324,1.032715,1.391250,-3.736250,-0.175000,0.052122,-0.170966,-0.446760,,159,139,127,114,915,,,,,,,,,-49,15:03:38.989,
,,1186,4980,327,160,181,0.003418,-0.002441,1.034668,1.373750,-3.727500,-0.201250,0.050078,-0.174908,-0.440920,,158,139,125,113,916,,,,,,,,,-49,15:03:38.997,
,,1187,5000,328,158,181,0.002930,-0.006348,1.033691,1.330000,-3.718750,-0.131250,0.051392,-0.170820,-0.447636,,158,140,127,114,916,,,,,,,,,-49,15:03:39.019,
,,1188,5020,327,160,182,0.004883,-0.009766,1.040527,1.260000,-3.727500,-0.131250,0.051830,-0.173886,-0.453914,,160,140,129,116,916,,,,,,,,,-49,15:03:39.050,
,,1189,5040,326,160,183,0.006348,-0.003418,1.034668,1.347500,-3.780000,-0.166250,0.051684,-0.169798,-0.450264,,159,141,127,114,917,,,,,,,,,-49,15:03:39.051,
,,1190,5060,326,160,181,0.008789,-0.003906,1.031738,1.277500,-3.753750,-0.131250,0.051684,-0.169798,-0.450264,,158,140,125,115,915,,,,,,,,,-49,15:03:39.080,
,,1191,5080,325,160,180,0.004395,-0.003906,1.035156,1.373750,-3.832500,-0.175000,0.057816,-0.173448,-0.441796,,157,141,125,115,915,,,,,,,,,-49,15:03:39.112,
,,1192,5100,328,157,181,0.007812,-0.007324,1.033691,1.347500,-3.692500,-0.175000,0.056356,-0.173010,-0.451286,,158,140,128,115,917,,,,,,,,,-49,15:03:39.112,
,,1193,5120,328,161,184,0.009277,-0.009277,1.037109,1.303750,-3.806250,-0.148750,0.055042,-0.177974,-0.434496,,158,139,127,116,917,,,,,,,,,-49,15:03:39.142,
,,1194,5140,325,158,183,0.006836,-0.007812,1.036621,1.303750,-3.718750,-0.166250,0.057524,-0.173886,-0.453184,,160,141,128,113,916,,,,,,,,,-49,15:03:39.172,
,,1195,5160,336,163,197,0.006836,-0.004395,1.036621,1.373750,-3.797500,-0.166250,0.055626,-0.175638,-0.449388,,171,152,136,119,917,,,,,,,,,-49,15:03:39.202,
,,1196,5180,328,162,185,0.003906,-0.003418,1.033691,1.365000,-3.788750,-0.262500,0.051100,-0.177828,-0.448366,,162,146,129,117,917,,,,,,,,,-49,15:03:39.232,
,,1197,5200,329,158,182,0.004395,-0.005371,1.033203,1.365000,-3.797500,-0.166250,0.050078,-0.175784,-0.438146,,161,144,128,117,916,,,,,,,,,-49,15:03:39.233,
,,1198,5220,328,160,182,0.003418,-0.002930,1.037109,1.373750,-3.736250,-0.192500,0.050078,-0.175784,-0.438146,,157,140,126,116,913,,,,,,,,,-49,15:03:39.261,
,,1199,5240,326,161,183,0.007324,-0.004883,1.035156,1.391250,-3.771250,-0.175000,0.053144,-0.172718,-0.438438,,160,140,127,116,914,,,,,,,,,-49,15:03:39.292,
,,1200,5260,327,160,183,0.005371,-0.002441,1.035645,1.443750,-3.727500,-0.122500,0.058400,-0.172864,-0.450556,,159,141,129,115,915,,,,,,,,,-49,15:03:39.293,
,,1201,5280,327,160,182,0.010254,-0.004395,1.045410,1.417500,-3.648750,-0.183750,0.051392,-0.175930,-0.442964,,158,141,124,114,915,,,,,,,,,-49,15:03:39.322,
,,1202,5300,328,157,182,0.006348,-0.004395,1.039551,1.618750,-3.710000,-0.131250,0.054166,-0.176514,-0.444570,,159,141,125,114,917,,,,,,,,,-49,15:03:39.350,
,,1203,5320,327,159,180,0.005859,-0.004395,1.036621,1.636250,-3.727500,-0.192500,0.054166,-0.176514,-0.445592,,159,140,124,116,916,,,,,,,,,-49,15:03:39.351,
,,1204,5340,328,160,181,0.003906,-0.002930,1.034180,1.671250,-3.701250,-0.166250,0.053144,-0.177974,-0.445592,,159,142,129,116,915,,,,,,,,,-49,15:03:39.380,
,,1205,5360,326,157,184,0.007324,-0.005859,1.033203,1.627500,-3.710000,-0.280000,0.049932,-0.174762,-0.441796,,160,141,127,114,915,,,,,,,,,-49,15:03:39.411,
,,1206,5380,325,160,181,0.004395,-0.007812,1.033691,1.557500,-3.788750,-0.122500,0.052852,-0.174908,-0.451286,,156,139,126,114,916,,,,,,,,,-49,15:03:39.412,
,,1207,5400,326,160,181,0.007812,-0.008301,1.034668,1.470000,-3.745000,-0.061250,0.050370,-0.170528,-0.444132,,158,140,123,115,914,,,,,,,,,-49,15:03:39.442,
,,1208,5420,328,160,182,0.007812,-0.007324,1.036133,1.426250,-3.806250,-0.201250,0.051246,-0.174178,-0.437124,,158,141,125,115,916,,,,,,,,,-49,15:03:39.485,
,,1209,5440,329,160,182,0.020508,-0.005859,1.031738,1.382500,-3.692500,-0.157500,0.051246,-0.174178,-0.437124,,157,141,128,116,915,,,,,,,,,-49,15:03:39.485,
,,1210,5460,326,158,183,0.019531,-0.002930,1.037598,1.426250,-3.762500,-0.148750,0.053874,-0.174908,-0.442672,,158,141,127,113,916,,,,,,,,,-49,15:03:39.501,
,,1211,5480,325,156,182,0.010254,-0.002930,1.035645,1.478750,-3.727500,-0.236250,0.049202,-0.171258,-0.446468,,158,138,124,113,915,,,,,,,,,-49,15:03:39.530,
,,1212,5500,326,159,180,0.000000,-0.004883,1.032715,1.443750,-3.858750,-0.140000,0.048180,-0.174908,-0.449388,,159,141,126,114,916,,,,,,,,,-49,15:03:39.530,
,,1213,5520,328,158,182,-0.011230,-0.002930,1.035156,1.417500,-3.727500,-0.166250,0.052414,-0.176806,-0.447198,,159,140,125,115,916,,,,,,,,,-49,15:03:39.559,
,,1214,5540,328,159,183,-0.009277,-0.004395,1.035645,1.470000,-3.788750,-0.148750,0.052414,-0.176806,-0.447198,,159,142,128,115,916,,,,,,,,,-49,15:03:39.590,
,,1215,5560,326,158,184,-0.000488,-0.006348,1.026367,1.356250,-3.718750,-0.192500,0.051246,-0.172280,-0.446468,,160,141,128,116,915,,,,,,,,,-49,15:03:39.598,
,,1216,5580,326,159,181,0.004883,-0.005859,1.033203,1.233750,-3.675000,-0.166250,0.050808,-0.172280,-0.448512,,158,140,124,114,916,,,,,,,,,-49,15:03:39.622,
,,1217,5600,328,158,181,0.009766,-0.005859,1.040527,1.347500,-3.780000,-0.227500,0.051684,-0.171112,-0.450410,,158,141,124,112,916,,,,,,,,,-49,15:03:39.650,
,,1218,5620,327,159,182,0.013184,-0.003906,1.031738,1.225000,-3.683750,-0.113750,0.054020,-0.175784,-0.436686,,157,141,126,113,917,,,,,,,,,-49,15:03:39.652,
,,1219,5640,328,158,183,0.014648,-0.006348,1.031250,1.155000,-3.788750,-0.148750,0.054020,-0.175784,-0.436686,,158,142,130,116,916,,,,,,,,,-49,15:03:39.680,
,,1220,5660,326,158,182,0.010742,-0.002930,1.031738,1.198750,-3.815000,-0.201250,0.053144,-0.170382,-0.448658,,159,141,126,115,916,,,,,,,,,-49,15:03:39.682,
,,1221,5680,326,158,182,0.000488,-0.004395,1.022461,1.050000,-3.815000,-0.253750,0.049494,-0.175346,-0.456542,,157,139,124,113,916,,,,,,,,,-49,15:03:39.712,
,,1222,5700,327,157,179,0.001465,-0.010742,1.036621,0.883750,-3.858750,-0.122500,0.048764,-0.174762,-0.437562,,157,141,125,114,915,,,,,,,,,-49,15:03:39.742,
,,1223,5720,329,160,182,-0.004395,-0.003418,1.060547,1.443750,-3.710000,-0.070000,0.051246,-0.174032,-0.432744,,158,141,127,115,915,,,,,,,,,-49,15:03:39.742,
,,1224,5740,328,160,181,0.000977,-0.002930,1.038086,1.487500,-3.762500,-0.183750,0.051246,-0.174032,-0.432744,,160,141,126,115,916,,,,,,,,,-49,15:03:39.772,
,,1225,5760,326,160,182,0.008301,-0.000977,1.029297,1.242500,-3.762500,-0.183750,0.048326,-0.173886,-0.441066,,157,139,127,115,916,,,,,,,,,-49,15:03:39.802,
,,1226,5780,326,158,182,0.008301,-0.006836,1.022461,1.356250,-3.815000,-0.210000,0.053582,-0.180018,-0.430408,,158,141,127,114,916,,,,,,,,,-49,15:03:39.830,
,,1227,5800,327,159,181,0.011719,-0.005371,1.033691,1.408750,-3.771250,-0.192500,0.048472,-0.171842,-0.435956,,158,141,125,115,915,,,,,,,,,-49,15:03:39.832,
,,1228,5820,327,161,181,0.013184,-0.006348,1.047852,1.356250,-3.780000,-0.192500,0.050954,-0.174470,-0.432306,,158,142,125,114,915,,,,,,,,,-49,15:03:39.862,
,,1229,5840,327,159,181,0.012207,-0.007324,1.039551,1.312500,-3.762500,-0.140000,0.050954,-0.174470,-0.432306,,159,142,127,114,916,,,,,,,,,-49,15:03:39.862,
,,1230,5860,327,161,182,0.002930,-0.011719,1.028320,1.198750,-3.736250,-0.175000,0.053436,-0.176368,-0.439460,,157,139,128,115,916,,,,,,,,,-49,15:03:39.892,
,,1231,5880,325,159,183,0.005371,-0.004395,1.032227,1.452500,-3.753750,-0.148750,0.053144,-0.179872,-0.438000,,158,141,125,114,916,,,,,,,,,-49,15:03:39.922,
,,1232,5900,328,161,182,0.002930,-0.009766,1.034668,1.373750,-3.797500,-0.245000,0.051830,-0.181624,-0.434204,,159,141,125,115,915,,,,,,,,,-49,15:03:39.922,
,,1233,5920,328,160,180,0.002441,-0.005859,1.041016,1.356250,-3.797500,-0.218750,0.052122,-0.175054,-0.439022,,159,142,125,115,914,,,,,,,,,-49,15:03:39.951,
,,1234,5940,326,160,181,0.002441,-0.001465,1.041504,1.373750,-3.745000,-0.087500,0.046282,-0.176952,-0.434934,,160,140,126,114,917,,,,,,,,,-49,15:03:39.982,
,,1235,5960,327,160,182,0.008301,-0.003418,1.029297,1.426250,-3.745000,-0.166250,0.046282,-0.176952,-0.434934,,159,140,128,116,917,,,,,,,,,-49,15:03:39.982,
,,1236,5980,326,157,184,0.012695,-0.008789,1.032715,1.400000,-3.797500,-0.201250,0.044822,-0.182062,-0.439898,,159,141,126,115,917,,,,,,,,,-49,15:03:40.011,
,,1237,6000,326,158,181,0.009277,-0.008301,1.039551,1.312500,-3.745000,-0.122500,0.047158,-0.180164,-0.441796,,158,141,125,115,917,,,,,,,,,-49,15:03:40.039,
,,1238,6020,326,158,181,0.003418,-0.007812,1.039551,1.225000,-3.797500,-0.175000,0.045114,-0.174616,-0.435810,,157,140,127,114,916,,,,,,,,,-49,15:03:40.071,
,,1239,6040,325,160,181,0.006348,-0.007812,1.033691,1.373750,-3.692500,-0.218750,0.043946,-0.178704,-0.440628,,159,142,125,114,917,,,,,,,,,-49,15:03:40.072,
,,1240,6060,329,161,181,0.004883,-0.005859,1.029785,1.286250,-3.745000,-0.166250,0.046136,-0.175930,-0.442380,,160,142,126,114,916,,,,,,,,,-49,15:03:40.102,
,,1241,6080,328,160,182,-0.000488,-0.006348,1.038086,1.155000,-3.780000,-0.140000,0.040442,-0.182500,-0.426320,,160,141,126,115,916,,,,,,,,,-49,15:03:40.132,
,,1242,6100,327,160,182,0.002441,-0.002930,1.033691,1.198750,-3.806250,-0.218750,0.040442,-0.182500,-0.426320,,159,139,128,116,918,,,,,,,,,-49,15:03:40.132,
,,1243,6120,327,160,183,0.009277,-0.004395,1.035645,1.111250,-3.771250,-0.183750,0.041756,-0.185128,-0.434934,,159,140,126,115,918,,,,,,,,,-49,15:03:40.161,
,,1244,6140,326,160,180,0.005371,-0.003906,1.032715,1.172500,-3.815000,-0.227500,0.043216,-0.179142,-0.441504,,155,137,126,111,916,,,,,,,,,-49,15:03:40.190,
,,1245,6160,327,159,182,0.013672,-0.010742,1.038086,1.181250,-3.780000,-0.105000,0.043216,-0.179142,-0.441504,,158,141,123,113,917,,,,,,,,,-49,15:03:40.219,
,,1246,6180,328,160,181,0.007812,-0.012695,1.040527,1.216250,-3.797500,-0.201250,0.043654,-0.183376,-0.441066,,158,142,125,115,916,,,,,,,,,-49,15:03:40.221,
,,1247,6200,328,159,182,0.006836,-0.010742,1.030273,1.198750,-3.762500,-0.183750,0.044676,-0.185128,-0.441066,,161,142,126,115,916,,,,,,,,,-49,15:03:40.249,
,,1248,6220,325,160,182,0.005371,-0.008789,1.030273,1.303750,-3.806250,-0.166250,0.041610,-0.181916,-0.448220,,160,139,126,115,916,,,,,,,,,-49,15:03:40.280,
,,1249,6240,325,159,182,0.000000,-0.001953,1.039551,1.181250,-3.832500,-0.192500,0.043654,-0.184252,-0.437854,,158,139,129,114,916,,,,,,,,,-49,15:03:40.282,
,,1250,6260,326,159,182,0.000000,-0.001465,1.043945,1.251250,-3.823750,-0.227500,0.043654,-0.184252,-0.437854,,158,140,125,113,916,,,,,,,,,-49,15:03:40.312,
,,1251,6280,326,160,181,0.002441,-0.000977,1.033203,1.277500,-3.762500,-0.201250,0.043508,-0.176076,-0.439898,,158,141,125,116,916,,,,,,,,,-49,15:03:40.341,
,,1252,6300,327,160,182,0.006348,-0.002441,1.027832,1.347500,-3.841250,-0.227500,0.042048,-0.182354,-0.441942,,157,141,128,116,917,,,,,,,,,-49,15:03:40.342,
,,1253,6320,327,159,182,0.006348,-0.006348,1.037109,1.207500,-3.736250,-0.122500,0.043508,-0.179726,-0.445008,,157,139,129,114,917,,,,,,,,,-49,15:03:40.370,
,,1254,6340,325,159,182,0.008301,-0.007812,1.037598,1.251250,-3.832500,-0.262500,0.042340,-0.174616,-0.445008,,159,140,128,116,917,,,,,,,,,-49,15:03:40.399,
,,1255,6360,325,159,182,0.011719,-0.012207,1.036133,1.303750,-3.797500,-0.140000,0.042340,-0.174616,-0.445008,,158,141,125,113,916,,,,,,,,,-49,15:03:40.430,
,,1256,6380,327,160,183,0.011719,-0.015137,1.032227,1.268750,-3.841250,-0.140000,0.043654,-0.178704,-0.439314,,158,142,126,115,916,,,,,,,,,-49,15:03:40.459,
,,1257,6400,327,160,182,0.008301,-0.013184,1.030273,1.303750,-3.745000,-0.192500,0.048034,-0.183522,-0.442088,,159,142,127,116,915,,,,,,,,,-49,15:03:40.460,
,,1258,6420,327,160,181,0.003906,-0.004395,1.036133,1.321250,-3.727500,-0.157500,0.047596,-0.178558,-0.428656,,160,141,128,116,915,,,,,,,,,-49,15:03:40.461,
,,1259,6440,325,158,182,0.004883,0.001953,1.039062,1.330000,-3.788750,-0.166250,0.043216,-0.179434,-0.434058,,160,141,127,115,915,,,,,,,,,-49,15:03:40.489,
,,1260,6460,326,159,181,0.004883,0.001465,1.034668,1.181250,-3.753750,-0.183750,0.043216,-0.179434,-0.434058,,158,140,126,114,917,,,,,,,,,-49,15:03:40.520,
,,1261,6480,327,159,181,0.002930,0.002441,1.035645,1.303750,-3.753750,-0.166250,0.045114,-0.178704,-0.431868,,158,141,125,114,916,,,,,,,,,-49,15:03:40.529,
,,1262,6500,328,160,181,0.002441,-0.000977,1.038574,1.321250,-3.858750,-0.201250,0.048764,-0.177828,-0.433620,,159,141,125,113,915,,,,,,,,,-49,15:03:40.551,
,,1263,6520,327,159,183,0.006348,-0.006836,1.036133,1.365000,-3.736250,-0.201250,0.044238,-0.174616,-0.445884,,160,139,128,114,916,,,,,,,,,-49,15:03:40.581,
,,1264,6540,326,157,182,0.005371,-0.008789,1.038574,1.338750,-3.780000,-0.148750,0.044822,-0.178558,-0.436540,,158,140,128,114,915,,,,,,,,,-49,15:03:40.581,
,,1265,6560,325,158,181,0.010742,-0.011719,1.035156,1.330000,-3.657500,-0.201250,0.044822,-0.178558,-0.436540,,160,140,126,114,916,,,,,,,,,-49,15:03:40.609,
,,1266,6580,326,158,182,0.009766,-0.009766,1.032227,1.303750,-3.815000,-0.122500,0.042340,-0.184106,-0.430700,,158,141,126,115,916,,,,,,,,,-49,15:03:40.639,
,,1267,6600,328,160,181,0.009766,-0.006348,1.034180,1.303750,-3.745000,-0.157500,0.045698,-0.179580,-0.448950,,159,141,125,115,916,,,,,,,,,-49,15:03:40.647,
,,1268,6620,327,162,183,0.004395,-0.005859,1.030273,1.330000,-3.701250,-0.201250,0.042632,-0.179726,-0.439168,,159,141,128,116,916,,,,,,,,,-49,15:03:40.701,
,,1269,6640,326,158,184,0.004395,-0.002441,1.033203,1.312500,-3.780000,-0.140000,0.041756,-0.173010,-0.455666,,159,140,127,115,916,,,,,,,,,-49,15:03:40.702,
,,1270,6660,326,159,182,0.000000,-0.002930,1.038086,1.295000,-3.710000,-0.210000,0.042778,-0.175346,-0.432452,,158,140,127,114,917,,,,,,,,,-49,15:03:40.703,
,,1271,6680,328,159,182,0.001953,-0.000488,1.040039,1.303750,-3.771250,-0.131250,0.042778,-0.175346,-0.432452,,159,141,123,114,915,,,,,,,,,-49,15:03:40.729,
,,1272,6700,327,159,181,0.005371,-0.003418,1.031250,1.286250,-3.815000,-0.227500,0.043946,-0.175638,-0.434350,,160,140,125,117,916,,,,,,,,,-49,15:03:40.762,
,,1273,6720,328,161,181,0.009277,-0.007324,1.031738,1.277500,-3.745000,-0.183750,0.047742,-0.178996,-0.451140,,158,141,128,117,916,,,,,,,,,-49,15:03:40.762,
,,1274,6740,326,159,181,0.004883,-0.010254,1.041992,1.321250,-3.771250,-0.201250,0.043508,-0.179580,-0.450556,,158,140,127,115,915,,,,,,,,,-49,15:03:40.790,
,,1275,6760,326,158,181,0.005859,-0.011230,1.039551,1.365000,-3.806250,-0.218750,0.044092,-0.180456,-0.446176,,159,140,126,113,916,,,,,,,,,-49,15:03:40.820,
,,1276,6780,326,160,182,0.007812,-0.010254,1.038574,1.295000,-3.841250,-0.201250,0.044092,-0.180456,-0.446176,,158,141,125,113,915,,,,,,,,,-49,15:03:40.821,
,,1277,6800,328,159,182,0.006836,-0.003906,1.032227,1.391250,-3.753750,-0.280000,0.044092,-0.181624,-0.438146,,158,142,124,114,917,,,,,,,,,-49,15:03:40.850,
,,1278,6820,327,160,182,0.000977,-0.002930,1.033691,1.417500,-3.797500,-0.113750,0.041318,-0.176660,-0.438876,,159,141,125,115,917,,,,,,,,,-49,15:03:40.879,
,,1279,6840,326,159,182,0.003906,-0.002441,1.035156,1.321250,-3.710000,-0.201250,0.040734,-0.179872,-0.438730,,159,139,129,115,916,,,,,,,,,-49,15:03:40.888,
,,1280,6860,325,158,182,0.006348,-0.000977,1.036133,1.382500,-3.832500,-0.122500,0.046428,-0.175638,-0.424860,,160,139,128,115,916,,,,,,,,,-49,15:03:40.910,
,,1281,6880,327,159,182,0.005371,-0.003418,1.035156,1.303750,-3.771250,-0.201250,0.046428,-0.175638,-0.424860,,159,141,125,115,917,,,,,,,,,-49,15:03:40.941,
,,1282,6900,328,161,180,0.004883,-0.006836,1.036621,1.391250,-3.762500,-0.236250,0.046136,-0.173010,-0.452308,,158,143,124,114,918,,,,,,,,,-49,15:03:40.950,
,,1283,6920,329,159,183,0.008789,-0.010254,1.036621,1.347500,-3.692500,-0.236250,0.041318,-0.180164,-0.441942,,159,141,127,114,915,,,,,,,,,-49,15:03:40.972,
,,1284,6940,325,158,182,0.009277,-0.012207,1.031738,1.330000,-3.762500,-0.183750,0.042778,-0.175930,-0.439460,,159,140,129,115,915,,,,,,,,,-49,15:03:41.002,
,,1285,6960,325,160,182,0.009277,-0.007812,1.036133,1.365000,-3.780000,-0.236250,0.042778,-0.181186,-0.435372,,158,140,126,113,916,,,,,,,,,-49,15:03:41.002,
,,1286,6980,327,159,181,0.005371,-0.002441,1.035156,1.312500,-3.762500,-0.192500,0.042778,-0.181186,-0.435372,,159,143,123,113,916,,,,,,,,,-49,15:03:41.032,
,,1287,7000,327,160,181,0.004883,-0.001953,1.037598,1.330000,-3.762500,-0.157500,0.045114,-0.173010,-0.446468,,157,142,125,114,916,,,,,,,,,-49,15:03:41.060,
,,1288,7020,326,159,181,0.003906,-0.000488,1.036133,1.373750,-3.815000,-0.227500,0.041464,-0.174178,-0.436102,,157,142,127,115,918,,,,,,,,,-49,15:03:41.062,
,,1289,7040,326,159,182,0.003418,-0.003906,1.033203,1.356250,-3.771250,-0.183750,0.039274,-0.176222,-0.437270,,158,139,127,115,915,,,,,,,,,-49,15:03:41.092,
,,1290,7060,323,157,182,0.005371,-0.014160,1.030762,1.277500,-3.753750,-0.192500,0.045114,-0.174470,-0.456542,,159,139,126,115,917,,,,,,,,,-49,15:03:41.122,
,,1291,7080,326,161,182,0.007812,-0.007812,1.034668,1.330000,-3.780000,-0.140000,0.045844,-0.177828,-0.433036,,159,140,127,115,917,,,,,,,,,-49,15:03:41.152,
,,1292,7100,326,160,183,0.008301,-0.006348,1.034668,1.373750,-3.753750,-0.122500,0.045406,-0.179288,-0.444570,,161,139,128,114,915,,,,,,,,,-49,15:03:41.153,
,,1293,7120,335,163,196,0.003418,-0.005859,1.035645,1.295000,-3.718750,-0.148750,0.037230,-0.175638,-0.436832,,170,149,133,121,917,,,,,,,,,-49,15:03:41.182,
,,1294,7140,329,161,186,0.009766,-0.004883,1.033691,1.356250,-3.806250,-0.253750,0.043362,-0.170236,-0.436832,,162,145,129,118,917,,,,,,,,,-49,15:03:41.218,
,,1295,7160,328,161,183,0.003418,-0.003418,1.030273,1.286250,-3.727500,-0.166250,0.040442,-0.179872,-0.443110,,160,144,126,117,917,,,,,,,,,-49,15:03:41.241,
,,1296,7180,327,160,183,0.000000,-0.002441,1.034668,1.268750,-3.815000,-0.148750,0.040442,-0.179872,-0.443110,,159,141,128,116,915,,,,,,,,,-49,15:03:41.241,
,,1297,7200,325,158,183,0.006348,-0.004883,1.036621,1.391250,-3.788750,-0.245000,0.035624,-0.174324,-0.443402,,158,139,129,114,916,,,,,,,,,-49,15:03:41.270,
,,1298,7220,325,159,182,0.005859,-0.006836,1.037598,1.268750,-3.683750,-0.148750,0.044092,-0.174908,-0.444862,,159,140,126,113,917,,,,,,,,,-49,15:03:41.299,
,,1299,7240,328,159,182,0.008789,-0.010254,1.037109,1.356250,-3.745000,-0.210000,0.045260,-0.176514,-0.446760,,158,142,125,113,917,,,,,,,,,-49,15:03:41.301,
,,1300,7260,327,160,181,0.013672,-0.010742,1.032715,1.356250,-3.718750,-0.201250,0.045406,-0.175638,-0.448512,,159,142,125,116,916,,,,,,,,,-49,15:03:41.331,
,,1301,7280,328,160,182,0.015137,-0.008789,1.033203,1.373750,-3.823750,-0.175000,0.042340,-0.179580,-0.444278,,158,141,127,114,916,,,,,,,,,-49,15:03:41.391,
,,1302,7300,326,160,183,0.006836,-0.003418,1.034668,1.330000,-3.850000,-0.166250,0.042340,-0.179580,-0.444278,,159,141,129,115,915,,,,,,,,,-49,15:03:41.391,
,,1303,7320,325,158,183,0.000977,-0.006836,1.034668,1.303750,-3.753750,-0.148750,0.045698,-0.175638,-0.431722,,157,138,127,116,915,,,,,,,,,-49,15:03:41.391,
,,1304,7340,326,160,181,-0.000977,-0.009277,1.037109,1.216250,-3.780000,-0.157500,0.041756,-0.174616,-0.447782,,158,140,125,114,917,,,,,,,,,-49,15:03:41.419,
,,1305,7360,328,160,182,0.008789,-0.010254,1.033203,1.338750,-3.771250,-0.192500,0.042924,-0.178558,-0.434058,,158,141,126,116,918,,,,,,,,,-49,15:03:41.421,
,,1306,7380,328,161,181,0.007324,-0.007324,1.038086,1.426250,-3.710000,-0.175000,0.042048,-0.175200,-0.437854,,158,141,127,117,915,,,,,,,,,-49,15:03:41.451,
,,1307,7400,325,161,182,0.007812,-0.007324,1.042969,1.312500,-3.797500,-0.201250,0.042048,-0.175200,-0.437854,,159,139,127,116,916,,,,,,,,,-49,15:03:41.480,
,,1308,7420,324,160,182,0.006348,-0.003906,1.034180,1.382500,-3.832500,-0.166250,0.040880,-0.177390,-0.443986,,158,138,127,114,917,,,,,,,,,-49,15:03:41.481,
,,1309,7440,326,160,182,0.010254,-0.006348,1.029785,1.373750,-3.771250,-0.131250,0.045552,-0.176952,-0.442380,,156,141,125,114,916,,,,,,,,,-49,15:03:41.510,
,,1310,7460,330,161,181,0.007324,-0.007812,1.033203,1.321250,-3.745000,-0.157500,0.035770,-0.174470,-0.446176,,158,142,126,115,915,,,,,,,,,-49,15:03:41.540,
,,1311,7480,327,161,182,0.000000,-0.006836,1.035645,1.408750,-3.823750,-0.227500,0.037814,-0.177682,-0.445008,,159,141,127,116,918,,,,,,,,,-49,15:03:41.547,
,,1312,7500,327,159,181,0.005371,-0.010742,1.038574,1.303750,-3.806250,-0.192500,0.037814,-0.177682,-0.445008,,160,138,128,113,916,,,,,,,,,-49,15:03:41.571,
,,1313,7520,325,159,182,0.006348,-0.008789,1.036621,1.321250,-3.683750,-0.087500,0.039712,-0.173886,-0.438438,,158,141,127,113,917,,,,,,,,,-49,15:03:41.600,
,,1314,7540,326,159,181,0.009277,-0.006348,1.033691,1.312500,-3.745000,-0.227500,0.038690,-0.173156,-0.441066,,158,139,126,115,916,,,,,,,,,-49,15:03:41.602,
,,1315,7560,328,160,180,0.008789,-0.001953,1.024414,1.417500,-3.718750,-0.218750,0.043362,-0.171842,-0.447344,,158,141,125,114,916,,,,,,,,,-49,15:03:41.632,
,,1316,7580,328,162,183,0.008301,-0.003418,1.037598,1.225000,-3.771250,-0.157500,0.037084,-0.170382,-0.450848,,158,143,125,117,917,,,,,,,,,-49,15:03:41.662,
,,1317,7600,326,160,181,0.006348,-0.008789,1.041992,1.330000,-3.718750,-0.157500,0.037084,-0.170382,-0.450848,,158,140,128,114,917,,,,,,,,,-49,15:03:41.662,
,,1318,7620,325,159,182,0.008789,-0.013184,1.035156,1.312500,-3.692500,-0.166250,0.041318,-0.172280,-0.441066,,158,140,127,114,916,,,,,,,,,-49,15:03:41.692,
